researcher_name,researcher_id,abstract,event_name
Hugo Saba Pereira Cardoso,00d79509-2e3a-4ef9-95f6-f9d5c79c34cf,"Hugo Saba Pereira Cardoso é um pesquisador com vínculo principal na Campus Integrado de Manufatura e Tecnologias, especializado na área de Ciências Sociais Aplicadas. Sua trajetória acadêmica inclui uma sólida formação, com destaque para a obtenção do título de Doutorado em Difusão do Conhecimento pela Universidade Federal da Bahia, concluído entre os anos de 2009 e 2013. Anteriormente, obteve o grau de Mestrado em Modelagem Computacional pela Fundação Visconde de Cairu, em 2005, além de duas Especializações em Computação Científica pela mesma instituição, entre 2002 e 2003. Sua formação acadêmica teve início com a graduação em Tecnólogo em Processamento de Dados pela Faculdade Rui Barbosa, finalizada em 1995.
Ao longo de sua carreira profissional, Hugo acumulou experiência e expertise em diversas áreas da Ciência da Computação, incluindo modelagem computacional, ciência de dados, tecnologias sociais, robótica educacional, gestão de projetos e difusão do conhecimento. Seu percurso inclui a coordenação de projetos de pesquisa, tecnologia e extensão, sendo responsável por 21 deles nos últimos 9 anos. Como resultado de seu trabalho, foram publicados 84 artigos, 10 livros, 31 capítulos, 45 patentes e registros de software, além de transferências tecnológicas para setores públicos e privados.

Além de suas atividades de pesquisa e coordenação de projetos, Hugo desempenha um papel ativo na pós-graduação, orientando alunos nos programas de Doutorado em Difusão do Conhecimento e de Modelagem Computacional e Tecnologia Industrial. Até o momento, já orientou 22 dissertações de mestrado e teses de doutorado concluídas, além de manter 08 orientações em andamento. Sua liderança se estende também para o Grupo de Pesquisa Núcleo de Pesquisa Aplicada e Inovação (NPAI) do CNPq, onde atua como líder.

Em termos de produção científica recente, destaca-se a publicação de trabalhos como ""Game Theory To Promote The Sustainable Development Of The Pharmaceutical Industry"", ""Gestão Dos Riscos De Desabastecimento De Medicamentos, Antes E Depois Da Covid-19: Um Estudo Bibliométrico"" e ""Htlv-1 And Pregnancy: A Retrospective Study Of Maternal And Neonatal Health Outcomes In An Endemic Region Of Brazil"", todos no ano de 2025. Estes artigos refletem o compromisso de Hugo com temas relevantes e atuais, bem como sua habilidade em contribuir para o avanço do conhecimento em sua área de atuação.

Por fim, vale ressaltar que Hugo recebeu apoio de fomento e bolsas de pesquisa ao longo de sua carreira, como a Bolsa de Produtividade em Desenvolvimento Tecnológico e Extensão Inovadora do CNPq, demonstrando seu reconhecimento e atuação destacada no meio acadêmico e científico. Sua atuação em programas de pós-graduação e liderança em grupos de pesquisa evidenciam sua importância e relevância para a comunidade científica, contribuindo de forma significativa para o avanço do conhecimento e a formação de novos pesquisadores em sua área de expertise.","1 Seminário ABED de Educação a Distância; 2006 IEEE International Engineering Management Conference; 2nd International Conference on Web Information Systems and Technologies; 34a InfoBrasil TI & Telecom; 8 Congresso Brasileiro de Gestão do Conhecimento; Congresso Brasileiro de Educação em Engenharia - COBENGE; Congresso Brasileiro de Software - CBSOFT; Encontro Nacional de Física Estatística; Encontro Nacional de Pesquisa e Inovação (ENEIS); Encontro Regional ABED; ERBASE; II Workshop Modelagem Computacional da Difusão do Conhecimento; IV Workshop Pesquisa Tecnologia e Inovação PTI; IX Simpósio Internacional de Inovação e Tecnologia; ROBOT 2013: FIRST IBERIAN ROBOTICS CONFERENCE.; Simpósio Brasileiro de Sistemas de Informação (SBSI); SUCESU - Congresso Nacional de Tecnologia da Informação e Comunicação; The Third International Conference on Social Eco-Informatics; VII SEMINFO - Seminário de Informática RS'; V! SIINTEC - Intenational Symposium on Innovation and Technology; X ENCONTRO ACADÊMICO DE PROPRIEDADE INTELECTUAL, INOVAÇÃO E DESENVOLVIMENTO (ENAPID); XIII Escola Regional de Computação Bahia, Alagoas e Sergipe - ERBASE; XI Seminario de Gestión Tecnológica - Altec; X Simpósio Internacional de Inovação e Tecnologia; XVIII Simpósio Brasileiro de Informática na Educação; XV Workshop sobre Educação em Computação; XXIII Workshop de Informática na Escola; XXII Simpósio Brasileiro de Engenharia de Software (SBES); XXV Brazilian Symposium on Geoinformatics - GEOINFO 2025; XXXV Congresso Brasileiro de Educação em Engenharia; XXXV Congresso da Sociedade Brasileira de Computação"
Rita de Cássia Silva Braga e Braga,00f8d447-dcc7-445e-9a77-6d3a1b24c5f8,"Rita de Cássia Silva Braga e Braga é uma pesquisadora bacharel em Ciências Biológicas com ênfase em Ecologia de Águas Continentais pela Universidade Estadual do Sudoeste da Bahia, onde iniciou sua jornada acadêmica em 1999, culminando com a conclusão do curso em 2003. Posteriormente, ingressou no mestrado em Desenvolvimento Regional e Meio Ambiente pelo Programa de Pós-Graduação em Desenvolvimento e Meio Ambiente (PRODEMA) da Universidade Estadual de Santa Cruz, concluindo seus estudos em 2011. Ao longo de sua formação, Rita também obteve o título de Mestre pelo PROFAGUA - Mestrado Profissional em Gestão e Regulação de Recursos Hídricos em rede, promovido pela UNESP em parceria com a CAPES e a ANA, no polo da UFBA.

Seu percurso profissional inclui experiências significativas na área de Licenciamento Ambiental, Avaliação de Impactos Ambientais, Gestão e Educação Ambiental, bem como na elaboração de Programas de Educação Socioambiental, na captação de recursos para projetos socioambientais, na gestão participativa de colegiados ambientais e na regulação de recursos hídricos. Esses conhecimentos, aliados à sua formação acadêmica sólida, contribuem para sua atuação tanto no meio acadêmico quanto no mercado de trabalho.

Atualmente afiliada ao Centro Universitário Senai Cimatec, Rita exerce funções diversas nessa instituição, onde seu vasto conhecimento e experiência são aplicados em diversas áreas de atuação. Sua participação ativa em programas de pós-graduação, como o Mestrado Profissionalizante em Gestão e Regulação de Recursos Hídricos da Universidade Federal da Bahia, evidencia seu comprometimento com a produção científica de alto nível e o aprimoramento de suas habilidades como pesquisadora.

Como pesquisadora, Rita de Cássia Silva Braga e Braga tem contribuído de forma significativa para a produção científica nacional, com trabalhos recentes que abordam a gestão dos recursos hídricos e o saneamento básico no Brasil, o enquadramento de rios e reservatórios, além de estudos de caso na bacia hidrográfica do Rio das Contas. Essas publicações, apresentadas em eventos acadêmicos, demonstram o interesse da pesquisadora em temas relevantes para a sustentabilidade ambiental e o desenvolvimento regional.

Por meio de sua participação em projetos de pesquisa financiados e bolsas de estudo, Rita de Cássia Silva Braga e Braga mantém-se ativa no cenário científico, ampliando seu campo de atuação e contribuindo para a construção de conhecimento em sua área de expertise. Seu perfil profissional e acadêmico denotam uma dedicação constante ao aprimoramento de suas competências, bem como um compromisso com a geração de conhecimento e a promoção de práticas sustentáveis no contexto ambiental.

Em síntese, Rita de Cássia Silva Braga e Braga é uma pesquisadora com sólida formação acadêmica, vasta experiência profissional e relevantes contribuições científicas na área de Ciências Biológicas, com enfoque em gestão ambiental e recursos hídricos. Sua atuação em instituições de ensino e pesquisa, aliada aos seus estudos de mestrado e participação em projetos de relevância, evidenciam seu comprometimento com a excelência acadêmica e a busca por soluções inovadoras para os desafios ambientais contemporâneos.","II Congresso Brasileiro em Gestão do Ciclo de Vida de Produtos e Serviços: Colaborando com Decisões Sustentáveis - ACV 2010; Seminário II; V ENAMPPAS  -  Encontro Nacional da Anppas; VII Workshop Internacional Sobre Planejamento e Desenvolvimento Sustentável em Bacias Hidrográficas; VII Workshop Internacional Sobre Planejamento e Desenvolvimento Sustentável em Bacias Hidrográficas, 2019"
Fernando Victor Cavalcante,02d84d50-a062-426f-95b8-3fef4bb11534,"Fernando Victor Cavalcante é um pesquisador atuante no campo da Gestão e Tecnologia Industrial, atualmente vinculado ao Campus Integrado de Manufatura e Tecnologias. Possui uma extensa formação acadêmica, destacando-se sua especialização em Gestão de Organizações em CT em Saúde pela Escola Nacional de Saúde Pública da Fundação Oswaldo Cruz (ENSP-Fiocruz) e em Gestão Estratégica de Recursos Humanos pela Universidade Castelo Branco (UCB). Graduou-se em Administração de Empresas pela Universidade Federal Rural do Rio de Janeiro (UFRRJ) e obteve o título de Mestre em Gestão e Estratégia pela mesma instituição. Atualmente, encontra-se em processo de Doutorado em Gestão e Tecnologia Industrial pela Universidade Senai CIMATEC.

A trajetória educacional de Fernando revela seu comprometimento com a formação acadêmica e a busca pelo aprimoramento contínuo. Destaca-se sua participação ativa em programas de Pós-Graduação, onde desenvolve suas pesquisas e contribuições para as áreas de Ciências Humanas e Ciências Sociais Aplicadas. Sua vasta experiência profissional inclui atuação como Analista de Gestão em Saúde da Fundação Oswaldo Cruz (Fiocruz) e sua atual posição como Coordenador da Coordenação de Administração de Pessoas da Coordenação-Geral de Gestão de Pessoas da Fiocruz. Neste cargo, é responsável por áreas estratégicas como Cadastro de Servidores Ativos, Pagamento, Aposentadorias e Pensões, demonstrando sua expertise em gestão pública e de recursos humanos.

No que diz respeito às suas contribuições científicas, Fernando Victor Cavalcante tem se dedicado à produção de artigos e trabalhos acadêmicos relevantes para a compreensão e aprimoramento de questões contemporâneas. Suas produções mais recentes incluem trabalhos como ""Estratégias De Coping De Trabalhadores À Pandemia Da Covid-19: Revisão De Escopo"" e ""Multilevel Learning In A Knowledge-Intensive Public Organization During Teleworking Implementation Amidst The Covid-19 Crisis"", demonstrando seu interesse e engajamento com temas atuais e impactantes. Além disso, também participou de eventos acadêmicos, como evidenciado pelo trabalho ""Crisis Management: Emerging Emotional Aspects Of The Crisis"", apresentado em um evento especializado.

Ao longo de sua carreira, Fernando Victor Cavalcante tem demonstrado habilidades de liderança e participação ativa em grupos de pesquisa, colaborando ativamente com instituições de ensino e pesquisa, como a Universidade Federal Rural do Rio de Janeiro. Sua versatilidade e competência na gestão de pessoas, processos e recursos têm sido fundamentais para o desenvolvimento de projetos e atividades em organizações públicas e acadêmicas. Sua presença em cargos de coordenação e liderança evidencia seu reconhecimento e capacidade de atuação em ambientes desafiadores e complexos.

Como pesquisador em ascensão e com uma sólida base educacional e profissional, Fernando Victor Cavalcante tem potencial para continuar contribuindo significativamente para o avanço do conhecimento em sua área de atuação. Sua atuação interdisciplinar e multifacetada o coloca como um profissional qualificado e comprometido com a excelência acadêmica, sendo uma referência no campo da Gestão e Tecnologia Industrial.","Organisational Learning, Knowledge and Capabilities (OLKC) Conference 2022; VI Encontro de Gestão de Pessoas e Relações de Trabalho - EnGPR; X Congresso de Administração, Sociedade e Inovação; XI Congresso de Administração, Sociedade e Inovação; XLI Encontro da ANPAD - EnANPAD 2017; XLII Encontro da ANPAD - EnANPAD 2018; XLIII Encontro da ANPAD 2019; X Simpósio Internacional de Inovação e Tecnologia; XXVI Seminários em Administração - SemeAd 2023"
Tatiane Vianna Barduke,02f5874f-580e-4845-8a3e-f6feaf472275,"Tatiane Vianna Barduke é uma pesquisadora com mestrado em Engenharia Industrial pela Universidade Federal da Bahia, sendo sua área de pesquisa no campo das Ciências Biológicas. Com vasta experiência na área ambiental, Barduke iniciou sua carreira acadêmica focada no desenvolvimento de tecnologias limpas no segmento de Engenharia Sanitária e Ambiental aplicado à indústria. Posteriormente, adentrou o serviço público como Analista Ambiental, atuando em processos de regularização ambiental de empreendimentos diversos, como Parques Eólicos, Solares, indústrias e projetos urbanísticos.

Ao longo de sua trajetória profissional, Barduke ocupou funções de destaque, incluindo a atuação como Coordenadora do Núcleo de Gestão Ambiental e Licenciamento no SENAI-CIMATEC, demonstrando um perfil comprometido, multidisciplinar, pró-ativo, flexível e apto para o trabalho em equipe.

Em relação às suas produções científicas mais recentes, destacam-se dois trabalhos apresentados em eventos acadêmicos. O primeiro, intitulado ""Ganhos Ambientais e Mudanças no Ciclo do Nitrogênio a partir da Separação da Urina Humana do Sistema de Saneamento"", aborda questões relevantes no âmbito da preservação ambiental e gestão de resíduos. O segundo trabalho, intitulado ""Repertório Comportamental de Trinomys sp. durante Encontros Induzidos de Díades em Situação de Pós-Captura"", evidencia a investigação do comportamento animal em contextos específicos.

No âmbito de sua formação acadêmica, além do mestrado em Engenharia Industrial, Tatiane Vianna Barduke obteve o título de Bacharel em Ciências Biológicas pela Universidade Federal da Bahia. Sua formação sólida e diversificada confere-lhe uma base ampla de conhecimento para atuar de forma abrangente em sua área de especialização.

Por fim, destaca-se a sua vinculação com programas de pós-graduação e a sua participação em programas de liderança em grupos de pesquisa. Além disso, informações sobre possíveis projetos financiados, bolsas de pesquisa ou outras formas de apoio institucional não foram fornecidas, o que sugere que o foco de sua atuação está mais voltado para a prática profissional e a gestão ambiental.

No contexto da comunidade científica, Tatiane Vianna Barduke se destaca como uma profissional dedicada e qualificada, cujo trabalho contribui para a compreensão e preservação do meio ambiente, bem como para o desenvolvimento de tecnologias sustentáveis. Sua atuação abrange tanto o campo acadêmico quanto o setor público, demonstrando sua versatilidade e engajamento na promoção de práticas ambientalmente responsáveis.

Em suma, Tatiane Vianna Barduke representa um importante elo entre a pesquisa científica e a aplicação prática no campo da Engenharia Sanitária e Ambiental, com um histórico profissional que evidencia seu compromisso com a inovação e a sustentabilidade.",I CONGRESSO BAIANO DE ENGENHARIA SANITÁRIA E AMBIENTAL; XXIII Encontro Anual de Etologia
Douglas José Faria,0401af9a-dea1-4b1d-89f0-e57ccf023e12,"Douglas José Faria é um pesquisador brasileiro com atuação na área de Engenharia e Tecnologia de Materiais, vinculado ao Campus Integrado de Manufatura e Tecnologias. Possui uma sólida formação acadêmica, tendo concluído a graduação em Engenharia de Bioprocessos e Biotecnologia pela Universidade Estadual do Rio Grande do Sul em 2016, seguida por um mestrado e doutorado na área de Engenharia e Tecnologia de Materiais pela Pontifícia Universidade Católica do Rio Grande do Sul, finalizados em 2019 e 2022, respectivamente. 

Sua trajetória educacional revela uma progressão consistente em termos de especialização e aprofundamento técnico, culminando em uma expertise consolidada em biorremediação, síntese orgânica de aditivos de combustíveis e catálise. Complementando sua formação, realizou dois pós-doutorados, um na Universidade Federal do Rio de Janeiro, em 2023, com foco na produção de etanol 2G, e outro na Universidade Federal do Rio Grande do Sul, também em 2023, voltado para estudos em catálise.

No âmbito profissional, Douglas José Faria possui experiência recente no Centro Universitário Senai Cimatec, embora não tenha sido especificada uma função específica. Sua atuação nessa instituição pode indicar uma participação ativa em atividades de pesquisa e ensino, possivelmente contribuindo para o desenvolvimento de novas linhas de investigação.

Suas contribuições científicas mais recentes evidenciam a diversidade de interesses e a amplitude de sua produção acadêmica. Destacam-se artigos como ""Fermentation Of Biomass And Residues From Brazilian Agriculture For 2g Bioethanol Production"", ""An Innovative Alternative To Reduce Sodium In Cheese: Babassu Coconut Byproduct Improving Quality And Shelf-Life Of Reduced-Sodium Minas Fresh Cheese"" e ""New Water-Based Nanocapsules Of Poly(diallyldimethylammonium Tetrafluoroborate)/ionic Liquid For Co2 Capture"". Esses trabalhos demonstram sua versatilidade em abordar temas relevantes e inovadores na área de Engenharia e Tecnologia de Materiais, contribuindo para avanços significativos no campo da biotecnologia, da química de materiais e da sustentabilidade ambiental.

Além disso, sua participação em programas de pós-graduação, bem como seus pós-doutorados, indicam um engajamento ativo com a pesquisa acadêmica e uma busca contínua por aprimoramento e aquisição de novos conhecimentos. A parceria com a Petrobras em seu projeto de doutorado também evidencia sua capacidade de estabelecer colaborações com instituições de destaque no cenário nacional.

Em síntese, Douglas José Faria se destaca como um pesquisador dedicado e qualificado, com uma sólida formação acadêmica, experiência profissional relevante e contribuições significativas para a ciência em sua área de atuação. Sua trajetória demonstra um compromisso com a excelência acadêmica, a inovação tecnológica e a promoção do desenvolvimento sustentável, refletindo um perfil profissional de destaque no contexto da pesquisa científica no Brasil.","Congresso Internacional de Biomassa; III Salão de Iniciação Científica e Tecnológica - CIENTEC; VI Salão de Ensino, Pesquisa e Extensão da UERGS; VI Salão Integrado de Ensino, Pesquisa e Extensão da UERGS; V Salão Integrado de Ensino, Pesquisa e Extensão & Ia Jornada de Pós-graduação da UERGS; XX Simpósio Nacional de Bioprocessos; XXVI Salão de Iniciação Científica da UFRGS"
Ana Carolina Barreto de Jesus,042753e5-4f3b-4053-af2b-b6ee26d7abd6,"Ana Carolina Barreto de Jesus é uma pesquisadora atuante na área de robótica, com experiência em sistemas robóticos e visão computacional. Graduada em Engenharia de Controle e Automação pelo Centro Universitário SENAI CIMATEC, Ana Carolina atualmente está cursando o mestrado em Engenharia Elétrica na Universidade Federal da Bahia (UFBA).

Durante sua trajetória acadêmica, Ana Carolina demonstrou interesse e dedicação ao campo da robótica, participando ativamente de projetos e iniciativas que envolvem o desenvolvimento e a aplicação de tecnologias nessa área. Seu envolvimento com o Instituto Brasileiro de Robótica (BIR), sediado no SENAI CIMATEC, reflete seu comprometimento com a pesquisa e inovação em robótica no Brasil.

Além disso, suas experiências profissionais na 3dre Robótica E Engenharia e no Centro Universitário SENAI CIMATEC contribuíram para sua formação e desenvolvimento de habilidades práticas no campo da engenharia. Essas oportunidades proporcionaram a Ana Carolina um ambiente propício para aplicar seus conhecimentos teóricos e aprimorar suas competências em projetos reais.

Em relação às suas produções científicas mais recentes, Ana Carolina contribuiu com trabalhos como ""Robôs Cooperativos: Robótica Inteligente Baseada No Modelo Do Futebol De Robôs"" e ""Ecobot: Um Robô De Monitoramento De Ecossistemas Utilizado Como Ferramenta Para A Significação Da Aprendizagem Das Ciências Naturais"". Essas publicações, apresentadas em eventos acadêmicos, demonstram seu interesse em temas como cooperação entre robôs e aplicações de robótica em educação e monitoramento ambiental.

No âmbito acadêmico, Ana Carolina está atualmente matriculada no programa de mestrado em Engenharia Elétrica na UFBA, o que evidencia seu compromisso com a formação continuada e a busca por aprimoramento em sua área de atuação. Sua participação nesse curso de pós-graduação também sugere seu envolvimento com atividades de pesquisa e desenvolvimento de novas tecnologias no campo da engenharia elétrica.

É importante ressaltar que Ana Carolina não possui informações disponíveis sobre sua área de pesquisa no currículo Lattes, o que pode limitar a compreensão completa de suas atividades acadêmicas e científicas. No entanto, sua atuação no Instituto Brasileiro de Robótica e sua colaboração em projetos de robótica sugerem que ela está envolvida em pesquisas relevantes e inovadoras nesse campo.

Em suma, Ana Carolina Barreto de Jesus é uma pesquisadora comprometida e dedicada, com experiência em robótica e visão computacional. Sua formação acadêmica sólida, aliada às suas experiências profissionais e participação em projetos de pesquisa, a capacitam a contribuir significativamente para o avanço do conhecimento científico em sua área de atuação. Seu perfil como mestranda em Engenharia Elétrica e sua atuação no desenvolvimento de tecnologias robóticas destacam seu potencial como uma profissional promissora e engajada no meio acadêmico e científico.",Feira Brasileira de Ciências e Engenharia - FEBRACE
Lynn Rosalina Gama Alves,046ed56e-eb47-4aea-af75-b8f43ab3cca6,"Lynn Rosalina Gama Alves é uma pesquisadora reconhecida na área de Ciências Humanas, atuando como docente e pesquisadora no Instituto de Humanidades, Artes e Ciências da Universidade Federal da Bahia (UFBA). Com formação acadêmica sólida, Lynn obteve sua graduação em Pedagogia pela Faculdade de Educação da Bahia em 1985, seguida de um Mestrado em Educação em 1998 e Doutorado na mesma área em 2004, ambos pela UFBA.

Ao longo de sua carreira, Lynn realizou importantes pós-doutorados, destacando-se pela especialização em Jogos Eletrônicos e Aprendizagem na Universidade de Turim, na Itália, Jogos e Narrativas Seriadas na FACOM/UFBA e Crianças, Adolescentes, Jogos Digitais e Proteção de Dados na Universidade de Barcelona. Sua pesquisa tem foco nas plataformas digitais e suas perfomatividades algorítmicas, com ênfase nos jogos digitais e suas interfaces, abordando a aprendizagem em diferentes cenários.

Além disso, Lynn coordenou diversos projetos de pesquisa e desenvolvimento em jogos digitais, tais como ""Tríade"", ""Guardiões da Floresta"" e ""2 de Julho Levante dos Invisíveis"", financiados por agências de fomento como FINEP, CNPq, FAPESB e Capes, demonstrando sua liderança e habilidade em obter apoio para suas investigações.

No campo das publicações científicas, Lynn tem contribuído significativamente com artigos e capítulos de livro. Entre suas obras mais recentes estão ""Narrativas Digimáticas Em Jogo De Mundo Aberto: Cartografando Redes Sociotécnicas E Controvérsias Na Produção De Uma Réplica Digital Escolar"", ""Disfagia App: Subsidiando Práticas Preventivas No Diagnóstico De Disfasia Orofaríngea"" e ""Industria De Juegos Digitales En Brasil: Oportunidades Y Desafíos En La Última Década"", evidenciando sua expertise em temas contemporâneos e relevantes.

No ambiente acadêmico, Lynn está vinculada aos programas de pós-graduação em Gestão e Tecnologia Industrial e Modelagem Computacional e Tecnologia Industrial, onde contribui de maneira ativa para a formação de novos pesquisadores. Além disso, é coordenadora da Rede de Pesquisa Comunidades Virtuais da UFBA, fomentando a colaboração e o intercâmbio de conhecimento entre os membros do grupo.

Como reconhecimento de sua excelência acadêmica, Lynn foi contemplada com a Bolsa de Produtividade em Desenvolvimento Tecnológico e Extensão Inovadora do CNPq - Nível 1D, demonstrando seu comprometimento e relevância na área de pesquisa em que atua.

Em resumo, Lynn Rosalina Gama Alves é uma pesquisadora dedicada e proeminente, cuja trajetória acadêmica e profissional evidencia seu compromisso com a excelência na produção científica e sua atuação como líder em sua área de especialização. Seu trabalho incisivo e inovador nas áreas de jogos digitais, plataformas educacionais e proteção de dados a consolidam como uma figura de destaque no cenário acadêmico nacional e internacional.","12º Congresso Internacional de Educação a Distância; 19º. Encontro de Pesquisa Educacional do Norte e Nordeste (EPENN); 2016 1st International Conference on Technology and Innovation in Sports, Health and Wellbeing (TISHW); 4 Colóquio de Pesquisa em Educação e Mídia; 4 Colóquio de Pesquisa em Educação e Mídia. Rio de Janeiro; ANPED; Challenges 2005 - IV conferência Internacional de Tecnologias de Informação e Comunicação na Educação; Colóquio internacional Quebec-Bahia; Conferência eLES'04; Conferência ZON | Digital Games 2008;   Congresso  Internacional  de  Ambientes  Hipermídia  para  Aprendizagem; Endipe; ENDIPE - XV Encontro Nacional de Didática e Prática de Ensino; EPENN; ERBASE; I Congresso Internacional de Estéticas Tecnológicas; I ENCONTRO DA REDECOM; I Encontro de Educação à Distância da Bahia; I Encontro Internacional Rio Mídia; III congresso ibero-americano educarede.; II Seminário Educação a Distância no Estado da Bahia: Troca de Experiências; I Jornadas Iberoamericanas de difusión y capacitación sobre aplicaciones y usabilidad de la Televisión Digital Interactiva; Intercom; INTERCOM; International Sociological Association; I Workshop de Pesquisa, Tecnologia e Inovação (PTI) e II Simpósio Internacional de Inovação e Tecnologia (SIINTEC); IX SBGames; IX SBGAMES; IX Seminário de Jogos eletrônicos,  educação e comunicação: construindo novas trilhas; IX Seminário Internacional de Políticas Culturais; SBGames - IV Brazilian Symposium on Computer Games and Digital Entertainment.; SBGames - VIII Simpósio Brasileiro de jogos e Entretenimento Digital; SBGames - VIII Simpósio Brasileiro de Jogos e Entretenimento Digital; SBGames - VIII Simpósio Brasileiro de JOgos e Entretenimento digital; SEMINARIO E-GOVEMMENT: UNA MIRADA AL SUR; Seminário IÍtalobrasileiro de Educação Comparada; Seminário Internacional de Pesquisa; Simpósio Brasileiro de Games e Entretenimento Digital; Simpósio Brasileiro De Games E Entretenimento Digital. Xvi Simpósio Brasileiro De Games E Entretenimento Digital; SIMSOCIAL 2012; STAES 2019 - Seminário de Tecnologias Aplicadas em Educação e Saúde; STAES - 4º Seminário de Tecnologias Aplicadas em Educação e Saúde; VIII Seminário de Jogos Eletrônicos; VIII SMAT - Simpósio de Matemática da FCT-UNESP; VI Simpósio Nacional da ABCiber; VI Simpósio Nacional da Associação Brasileira de Pesquisadores em Cibercultura; VI Workshop de Pesquisa, Tecnologia e Inovação (PTI) e II Simpósio Internacional de Inovação e Tecnologia (SIINTEC); XIII ENDIPE; XI SBGAMES; XI Seminário SJEEC Jogos Eletrônicos - Educação - Comunicação; XI Simpósio Brasileiro de Jogos e Entretenimento Digital ? SBGAMES 2012; XI SJEEC Seminário Jogos Eletrônicos - Educação - Comunicação; XIV ESCOLA REGIONAL DE  COMPUTAÇÃO BAHIA ALAGOAS SERGIPE (ERBASE); X SBGames; X seminário de jogos eletrônicos, educação e comunicação - construindo novas trilhas; XV ENECULT - Encontro de Estudos Multidisciplinares em Cultura; XVI ENDIPE; XVIII Escola Regional de Computação Bahia-Alagoas-Sergipe; XVII Simpósio Brasileiro de Games e Entretenimento Digital - SBGAMES 2018; XVII Simpósio Brasileiro de Jogos e Entretenimento Digital - SBGAMES 2018; XV Simpósio Brasileiro de Games e Entretenimento Digital; XX Encontro de Pesquisa Educacional do Norte e Nordeste"
Marcelo Albano Moret Simões Gonçalves,048d02e8-7da9-4137-a655-84a60af9bf23,"Marcelo Albano Moret Simões Gonçalves é um renomado pesquisador com afiliação principal no Campus Integrado de Manufatura e Tecnologias. Graduado em Bacharelado em Física pela Universidade Federal da Bahia, obteve seu mestrado na mesma instituição, consolidando seus estudos acadêmicos com um doutorado em Ciências Biológicas (Biofísica) pela Universidade Federal do Rio de Janeiro. Com uma vasta experiência educacional e profissional, atualmente é professor associado no SENAI - Departamento Regional da Bahia, ocupando também o cargo de professor titular na Universidade do Estado da Bahia.

Sua trajetória educacional é marcada por uma sólida formação, com destaque para o seu doutorado em Ciências Biológicas, onde pôde explorar profundamente as interseções entre a Física e a Biologia a partir de uma abordagem biofísica. A expertise de Marcelo abrange áreas como Física Estatística e Termodinâmica, com foco em temas como computação quântica, criptografia, princípios físicos e matemáticos da computação quântica, protein folding, estatística de Tsallis e generalized simulated annealing. Sua formação multidisciplinar o capacita a abordar questões complexas que envolvem tanto as Ciências Biológicas quanto as Exatas e da Terra.

Além de seu papel como docente em instituições de renome, Marcelo tem se dedicado ativamente à pesquisa, como evidenciam suas contribuições científicas mais recentes. Entre suas produções bibliográficas, destacam-se estudos como ""Early Detection Of Failing Lead-Acid Automotive Batteries Using The Detrended Cross-Correlation Analysis Coefficient"" e ""A Novel Evaluation Of Income Class Boundaries Using Inflection Points Of Probability Density Functions: A Case Study Of Brazil"", que demonstram sua capacidade de aplicar métodos computacionais avançados em contextos práticos e sociais, como a avaliação de classes de renda e o monitoramento de baterias automotivas.

Além de suas realizações como pesquisador e docente, Marcelo Albano Moret Simões Gonçalves mantém um forte vínculo com o Programa de Pós-Graduação em Modelagem Computacional e Tecnologia Industrial, demonstrando sua predisposição para formar novas gerações de pesquisadores e contribuir para o avanço do conhecimento em sua área de atuação. Sua atuação em projetos de fomento, como o Programa de Produtividade em Pesquisa do CNPq, reflete seu compromisso com a excelência acadêmica e o desenvolvimento científico.

No âmbito profissional, Marcelo participou de instituições como a Complex Systems Society e o Instituto Patrícia Lordêlo, onde contribuiu de maneira significativa para o avanço das pesquisas em suas áreas de expertise. Sua presença ativa em fóruns e comitês multidisciplinares atesta sua relevância no cenário científico nacional e sua capacidade de dialogar e colaborar com diferentes campos do conhecimento.

Em suma, Marcelo Albano Moret Simões Gonçalves é um pesquisador de destaque, cuja trajetória acadêmica e profissional exemplar o credencia como uma figura proeminente na interface entre as Ciências Biológicas e as Exatas e da Terra. Sua dedicação à pesquisa, aliada ao seu compromisso com a formação de novos pesquisadores e sua participação ativa em projetos de fomento, o tornam um ator fundamental no cenário científico contemporâneo.","2011 International Conference on Computational Aspects of Social Networks (CASoN 2011); 30 Congresso Ibero-Latino-Americano de Méodos Computacoanis em Engenharia; 33o Congresso Internacional de Odontologia de São Paulo; 4o Congresso da AES Brasil; 6th International Conference on Nonlinear Science and Complexity; Congresso Latino Americano de Bioinformática - SOLABIMA 2015; Encontro Nacional de Física Estatística; Escola de Modelagem Molecular em Sistemas Biológicos; I Encontro de Educação à Distância da Bahia; III Encontro Latinoamericano de Biofísica; II Workshop Anual de Avaliação dos PRH ANP/MCTI: PRH49, PRH52, PRH55; II Workshop de Gestão, Tecnologia Industrial e Modelagem Computacional; International Symposium On Protein Condensation In Honor to Gregorio Weber; I Workshop Anual de Avaliação dos PRH ANP/MCTI: PRH49, PRH52, PRH55; IX Encontro Científico de Física Aplicada; IX Escola Brasileira de Estrutura Eletrônica; LAWNP´03; SAE; VII Encontro Científico de Física Aplicada; VIII Congresso Del Instituto Internacional de Costos; VIII Encontro Científico de Física Aplicada; VII Workshop de Pesquisa, Tecnologia e Inovação (PTI) e III Simpósio Internacional de Inovação e Tecnologia (SIINTEC); V Workshop de Pesquisa, Tecnologia e Inovação (PTI) e Simpósio Internacional de Inovação e Tecnologia (SINTEC); Workshop sobre Simulação e Análise de Sistemas Complexos; XI Encontro de Física do Norte-Nordeste; XIV Encontro de Física do Norte-Nordeste; XIX Encontro Nacional de Física da Matéria Condensada; XIX Simpósio de Química Teórica; XVI Congresso Brasileiro de Medicina Intensiva; XVI Encontro de Físicos do Norte e Nordeste; XVI Encontro Nacional de Física da Matéria Condensada; XVII Encontro de Físicos do Norte e Nordeste; XVIII Encontro Nacional de Modelagem Computacional; XVIII Encontro Nacional de Modelagem Computacional e VI Encontro de Ciência e Tecnologia de Materiais; XX Encontro de Física da Matéria Condensada; XX Encontro Nacional de Modelagem Computacional e VIII Encontro de Ciência e Tecnologia de Materiais; XXI Encontro de Física da Matéria Condensada; XXI Encontro Nacional de Modelagem Computacional e o VIII Encontro de Ciência e Tecnologia de Materiais; XXII Encontro de Físicos do Norte e Nordeste; XXII Encontro Nacional de Física da Matéria Condensada; XXVI  Encontro Nacional de Física da Matéria Condensada; XXVII Encontro Nacional de Física da Matéria Condensada; XXVIII Encontro de Física da Matéria Condensada; XXVIII Encontro Nacional de Física da Matéria Condensada; XXVIII Encontro Nacional de Física da Matéria Conensada; XXVII Reunião Anual da Sociedade Brasileira de Bioquímica e Biologia Molecular (SBBq)"
Cássio Santana Meira,04a7db2b-adf9-46c5-99ce-81d04e1dd5e1,"Cássio Santana Meira é um renomado pesquisador com atuação no Instituto de Tecnologia de Saúde do SENAI-CIMATEC, onde exerce suas atividades em projetos de desenvolvimento de novos testes diagnósticos e prospecção de fármacos com potencial antiparasitário, imunomodulador e citotóxico. Possui formação acadêmica sólida, com graduação em Ciências Biológicas pela Universidade Federal da Bahia, mestrado em Biotecnologia pela Universidade Estadual de Feira de Santana e doutorado em Biotecnologia em Saúde e Medicina Investigativa pelo Instituto Gonçalo Moniz.

Ao longo de sua carreira, Cássio Santana Meira tem se destacado pela sua expertise nas áreas de terapia celular, desenvolvimento de testes de diagnóstico e prospecção de fármacos com potencial anticâncer, imunomodulador ou antiparasitário. Sua pesquisa mais recente inclui estudos sobre a atividade do Physalin F como inibidor da função linfocitária e seu efeito sinérgico com a dexametasona, bem como a avaliação da atividade anti-Trypanosoma cruzi de um complexo de rutênio contendo 1h-indazol.

Além de suas contribuições científicas, Cássio Santana Meira também desempenha papel ativo na formação de novos pesquisadores, sendo professor permanente do Programa de Pós-graduação em Ciências Farmacêuticas da Universidade Estadual da Bahia e do programa de Biotecnologia em Saúde e Medicina Investigativa da FIOCRUZ BA. Sua participação em programas de pós-graduação evidencia seu compromisso com a formação de recursos humanos qualificados e o desenvolvimento da pesquisa científica em sua área de atuação.

Além disso, Cássio Santana Meira é membro afiliado da Academia Brasileira de Ciências na área de Ciências da Saúde, o que demonstra seu reconhecimento pela comunidade científica e sua relevância no cenário acadêmico nacional. Sua liderança e participação em projetos captados com recursos de instituições renomadas como EMBRAPII, FINEP, FAPESB, SEBRAE e SENAI DN corroboram sua capacidade de inovação e impacto na indústria.

Com uma sólida formação acadêmica, experiência profissional em instituições de renome e produção científica de destaque, Cássio Santana Meira se destaca como um pesquisador multifacetado e comprometido com a excelência em suas pesquisas. Sua atuação interdisciplinar e sua busca por soluções inovadoras para problemas complexos na área da saúde evidenciam seu papel de destaque no cenário científico nacional e internacional, contribuindo de forma significativa para o avanço do conhecimento e a melhoria da qualidade de vida da população.","10th Brazilian Symposium in Medicinal Chemistry (BrazMedChem 2022); 14th Tetrahedron Symposium: Challenges in Organic and Bioorganic Chemistry; 27º Reunião de Pesquisa Aplicada em Doença de Chagas e 15º Reunião de Pesquisa Aplicada em Leishmanioses; 35º Congresso Brasileiro de Virologia; 45 Reunião Anual da Sociedade Brasileira de Bioquímica e Biologia Molecular; 47° Brazilian congress of pharmacology and experimental therapeutics (SBFTE); 48a Reunião Anual da Sociedade Brasileira de Bioquímica e Biologia Molecular; 50th Brazilian Congress of Pharmacology and Experimental Therapeutic (SBFTE); 52° Congresso da Sociedade Brasileira de Medicina Tropical; 58° Congresso da Sociedade Brasileira de Medicina Tropical; 59º MEDTROP - Congresso Brasileiro da Sociedade Brasileira de Medicina Tropical; 8° Brazilian Symposium on Medicinal Chemistry; I CONGRESSO BRASILEIRO DE BIOTECNOLOGIA INDUSTRIAL.; I Curso de Verão em Biologia Celular e Moecular; III Simpósio Brasileiro de Inovação (Bio)farmacêutica / V Simpósio Baiano de Inovação (Bio)farmacêutica; III Simpósio de Farmácia da Uninassau; II Simpósio Brasileiro de Inovação (Bio)farmacêutica / IV Simpósio Baiano de Inovação (Bio)farmacêutica (SIMBIFAR 2022); ISCT 2024 Vancouver Annual Meeting; I Simpósio Baiano de Inovação (Bio)Farmacêutica - SIMBIFAR 2017; I Simpósio Norte e Nordeste de Imunologia & XVIII EXPOPPGIm; IV Simpósio brasileiro de Inovação (Bio)Farmacêutica/ VI Simpósio baiano e Inovação (Bio)Farmacêutica  (SIMBIFAR 2024); IV Simpósio Internacional de Terapias Avançadas e Células Tronco; IX Simpósio de Plantas Medicinais do Vale do São Francisco 3rd France-Brazil Meeting on Natural Products; Jornada de Investigadores Jóvenes en Ciencias Veterinarias; VIII International Symposium on Diagnostics and Therapeutics (SINATER), III International Symposium on Rare Diseases (RDis) and XI LIKA Scientific Journey; VIII Semana de Biologia da UFA; VII Seminário de Avaliação de Pesquisa Científica e Tecnológica (SAPCT) e VI Workshop de Integração e Capacitação em Processamento de Alto Desempenho (ICPAD); VII Simpósio de Plantas Medicinais do Vale do São Francisco e 1st France-Brazil Meeting on Natural Products; V Semana  Científica em Saúde  e Ambiente - SEMCISA; XIX Brazilian Meeting on Inorganic Chemistry/VI Latin American Meeting on Biological Inorganic Chemistry/ VIII Brazilian Meeting on Rare Earths; XLIX Congresso da Sociedade Brasileira de Medicina Tropical; XLVIII Congress of the Brazilian Society of Immunology; X Reunião Regional da Federação de Sociedades de Biologia Experimental - FESBE; XVI Expoppgim Reunião Anual do Programa de Pós-graduação em Imunologia; XVII EXPOPPGIM; XVIII International Congress for Tropical Medicine and Malaria and XLVIII Congress of the Brazilian Society of Tropical Medicine; XVIII Mostra Científica e Cultural: Ciência, Arte e Saúde na Luta pela Democracia e XVI Jornada de Iniciação Científica/PIBIC; XVII Mostra Científica e Cultural: Ciência, Arte e Saúde para Transformação Social e XIII Jornada de Iniciação Científica/PIBIC; XX Forum internacional de SEPSE; XXI Brazilian Meeting on Inorganic Chemistry and the X Brazilian Meeting on Rare Earths; XXII Congresso Brasileiro de Parasitologia; XXIV ExpoPPGIm; XXXII Annual Meeting of the Brazilian Society of Protozoology/ XLIII Annual Meeting on Basic Research in Chagas Disease"
Maria de Lourdes Ferraz Heleodoro,051dcb97-c862-4521-aa82-ad611de44874,"Maria de Lourdes Ferraz Heleodoro é uma pesquisadora engajada na área de Ciências Sociais Aplicadas, atuando como Coordenadora de Finanças Públicas na Fundação Oswald Cruz e como analista de Gestão em Saúde. Com um extenso currículo acadêmico, Maria possui um Doutorado em Gestão e Tecnologia Industrial pelo SENAI CIMATEC, um Mestrado Profissional em Gestão e Estratégica pela Universidade Federal Rural do Rio de Janeiro, bem como especializações em Gestão Pública e Administração Hospitalar. Sua formação inclui ainda um Bacharelado em Ciências Contábeis pela Faculdade Moraes Junior.

Ao longo de sua carreira, Maria de Lourdes acumulou experiência como professora universitária na Escola de Negócios do Centro Universitário São José e como tutora EAD na Universidade Estadual do Ceará. Suas áreas de atuação incluem planejamento, contabilidade, orçamento, administração de estoque, entre outras, sendo capaz de lecionar disciplinas como Contabilidade Pública, Contabilidade de Seguros, Teoria da Contabilidade e Contabilidade Ambiental.

Maria de Lourdes tem se destacado também na produção científica, com trabalhos recentes como o estudo comparativo sobre o uso de um modelo de gestão para desenvolver estratégias em escolas de saúde pública no Brasil, o estudo sobre governança na gestão de estoques públicos em sinergia com informações contábeis e a aplicação de ferramentas de TIC para mitigar falhas e inconsistências em editais de licitação pública.

Além de suas atividades de ensino e pesquisa, Maria participou de programas acadêmicos de grande relevância, tendo completado seu Doutorado em Gestão e Tecnologia Industrial no SENAI CIMATEC e seu Mestrado Profissional em Gestão e Estratégia na Universidade Federal Rural do Rio de Janeiro. Sua trajetória acadêmica evidencia seu comprometimento com a formação contínua e a busca por excelência em seu campo de atuação.

Como líder acadêmica, Maria de Lourdes desempenhou funções importantes em diversas instituições de ensino e pesquisa, contribuindo para o desenvolvimento do conhecimento em sua área de especialização. Sua participação ativa em congressos e eventos científicos também demonstra seu engajamento e sua dedicação ao compartilhamento de conhecimento e à promoção do debate acadêmico.

No que diz respeito a financiamento e apoio institucional, não há informações disponíveis sobre projetos específicos ou bolsas de pesquisa obtidas por Maria de Lourdes. No entanto, sua sólida formação e atuação profissional indicam um perfil de pesquisadora ativa e bem inserida no meio acadêmico, capaz de contribuir de forma significativa para o avanço do conhecimento em sua área de expertise.","Anais do Congresso de Administração, Sociedade e Inovação  CASI 2016; IX International Symposium on Innovation and Technology (SIINTEC); X Simpósio Internacional de Inovação e Tecnologia"
Maria das Graças Coelho Miguelote,0563ec0a-386d-4efd-b787-e5f3d0b32274,"Maria das Graças Coelho Miguelote é uma pesquisadora reconhecida, atualmente atuando como Doutoranda em Gestão e Tecnologia Industrial no Campus Integrado de Manufatura e Tecnologias. Com uma sólida formação acadêmica e profissional, Maria das Graças obteve seu Mestrado em Gestão e Tecnologia Industrial pelo Centro Universitário Senai Cimatec e se especializou em Gestão de Saúde e Administração Hospitalar, bem como em Gestão Pública em Saúde.

Sua trajetória educacional inclui uma Graduação em Licenciatura Plena em Biologia pela Faculdade de Biologia e Psicologia Maria Thereza, completada há algumas décadas. Desde então, construiu uma carreira sólida na Fundação Oswaldo Cruz, onde atuou como Analista de Gestão em Saúde Pública e se destacou como coordenadora do Programa de Gestão de Riscos no Instituto Gonçalo Moniz-IGM/Fiocruz/Bahia.

No âmbito acadêmico, Maria das Graças tem se dedicado a investigar temas relacionados à gestão de riscos em instituições públicas, com enfoque na abordagem adaptativa associada à estrutura Cynefin. Suas pesquisas mais recentes têm resultando em importantes contribuições para a área, como o artigo ""Gestão de Riscos Associada à Estrutura Cynefin: Uma Abordagem Adaptativa para as Instituições Públicas"", publicado em 2025, e os trabalhos apresentados em eventos, como ""Analysis of Risk Management in Scientific Research Environments in a Science and Technology Institution: A Literature Review"" e ""Project Complexity and the Relationship with Risk Management and Communication"", ambos de 2024.

Além disso, Maria das Graças possui uma ampla experiência em programas de pós-graduação, tendo passado por especializações em Gestão Pública em Saúde e Gestão de Saúde e Administração Hospitalar, o que demonstra seu engajamento contínuo na busca por aprimoramento e conhecimento na área da saúde. Sua liderança no Programa de Gestão de Riscos reflete sua capacidade de gerenciar e coordenar projetos de forma eficaz, contribuindo para o avanço da gestão na área da saúde.

É importante destacar que, ao longo de sua carreira, Maria das Graças pode ter sido beneficiada por projetos financiados, bolsas de pesquisa ou outros tipos de apoio institucional, que certamente contribuíram para o desenvolvimento de suas pesquisas e para sua atuação como pesquisadora ativa na área da saúde.

Em resumo, Maria das Graças Coelho Miguelote é uma pesquisadora dedicada e comprometida, cuja trajetória acadêmica e profissional evidencia sua expertise em gestão de riscos na área da saúde. Suas contribuições científicas recentes, aliadas à sua experiência profissional e educacional diversificada, a tornam uma figura relevante no cenário acadêmico-científico, promovendo avanços significativos na compreensão e gestão dos riscos em instituições públicas de saúde.","1º Congresso de Ciências Farmacêuticas do Rio de Janeiro-RIOPHARMA; 2º CONGRESSO DE CIÊNCIAS FARMACÊUTICAS DO RIO DE JANEIRO; IX International Symposium on Innovation and Technology; Simpósio Inernacional de Gestão de Projetos, Inovação e Sustentabilidade; V Congresso Brasileiro de Epidemiologia; VI CONGRESSO BRASILEIRO DE SAÚDE COLETIVA; VI International Symposium on Innovation and Technology; X SIINTEC International Symposium on Innovation and Technology"
Cristiano Dal' Pai,0689dde5-7c57-4412-bde1-040956d467b8,"Cristiano Dal' Pai é um pesquisador graduado em Engenharia Elétrica pela Faculdade de Ciência e Tecnologia Área1, com atuação no Campus Integrado de Manufatura e Tecnologias. Sua trajetória acadêmica foi marcada pela busca constante por conhecimento na área de Engenharias, culminando em uma formação sólida que o capacitou para sua carreira profissional.

Ao longo de sua carreira, Cristiano trabalhou como integrador em sistemas de automação industrial, adquirindo experiência prática e conhecimento técnico que o posicionaram como um especialista em P&D&I em sistemas robóticos e Automação 4.0. Essa expertise foi fundamental para sua atuação atual como desenvolvedor no SENAI CIMATEC em Salvador, Bahia, onde seu foco está nas tecnologias IoT voltadas para a indústria 4.0.

Suas áreas de interesse abrangem a integração de sistemas, navegação, reconhecimento de objetos, manipuladores inteligentes, redes industriais e sistemas supervisórios, refletindo sua busca por inovação e aprimoramento contínuo. Na instituição, Cristiano exerceu funções diversas e contribuiu de maneira significativa para o avanço da pesquisa e desenvolvimento na área de Engenharia.

Ao longo de sua trajetória, Cristiano participou ativamente de projetos de pesquisa e desenvolvimento, tais como os realizados no Senai Cimatec, contribuindo com sua expertise em sistemas robóticos e Automação 4.0. Sua participação em programas de pós-graduação e em grupos de pesquisa demonstram seu comprometimento com a produção científica e a busca por soluções inovadoras no campo da Engenharia.

Como pesquisador, Cristiano Dal' Pai tem se destacado por suas contribuições científicas recentes, que incluem a publicação de artigos e a realização de pesquisas nas áreas de sistemas robóticos e Automação 4.0. Seu ID Lattes, de número 6587409192772997, é um indicativo de seu perfil acadêmico e científico, consolidando sua posição como um pesquisador ativo e produtivo.

Em suma, Cristiano Dal' Pai é um pesquisador dedicado e comprometido com a inovação e o avanço da Engenharia, com uma sólida formação acadêmica e experiência profissional que o posicionam como um ator relevante no cenário da pesquisa e desenvolvimento tecnológico. Sua atuação no SENAI CIMATEC e em projetos de P&D&I refletem seu engajamento e contribuição para a ciência e tecnologia no Brasil.",Sem registro
Bianca Kurihara Yoshii,06f95dff-7a38-43b2-b295-a545de2546f3,"Bianca Kurihara Yoshii é uma pesquisadora com formação em Engenharia de Controle e Automação pela Senai - Departamento Regional da Bahia e Mestre em Gestão e Desenvolvimento Tecnológico com ênfase em Desenvolvimento de Produto pelo Centro Universitário Senai Cimatec. Atualmente, ela está envolvida no desenvolvimento do Centro de Competências em Tecnologias Quânticas e no projeto de desenvolvimento de manipuladores baseados em robótica mole, no Campus Integrado de Manufatura e Tecnologias.

A trajetória educacional de Bianca evidencia sua ininterrupta busca por conhecimento e aprimoramento profissional. Além de sua graduação em Engenharia de Controle e Automação, ela obteve seu título de Aprendiz de Tecnologia Industrial Básica em Desenhista também pelo Senai CIMATEC, evidenciando sua diversidade de interesses e habilidades técnicas. Sua formação de Mestrado em Gestão e Desenvolvimento Tecnológico reforça sua qualificação para atuar na intersecção entre tecnologia e gestão, aspecto relevante em um cenário de constantes inovações e demandas do mercado.

Ao longo de sua carreira, Bianca acumulou experiência em diversas áreas, destacando-se no desenho mecânico, eletrônica embarcada e fotônica. Com atuações em projetos de espectroscopia, microscopia e sensoriamento por imagem e fibra óptica, ela demonstra versatilidade e capacidade de adaptação a diferentes desafios científicos. Seu envolvimento em estágios e como bolsista em projetos de inovação tecnológica revela seu comprometimento com a pesquisa aplicada e o desenvolvimento de soluções de alto impacto.

No âmbito de suas produções bibliográficas mais recentes, Bianca apresenta um trabalho sobre estudo colorimétrico em superfícies pretas para simulação de ambientes aquáticos de alta profundidade, bem como o desenvolvimento de um sistema relay óptico para transmissão de imagens de alta resolução em ambientes sem eletrônica. Esses projetos evidenciam sua expertise em tecnologias de imagem e comunicação óptica, áreas de grande relevância em contextos submarinos e de alta profundidade.

Além disso, sua participação em programas de pós-graduação na área de Gestão e Tecnologia Industrial Profissional reflete seu compromisso com a formação continuada e a busca por novos conhecimentos. Sua atuação como estagiária, bolsista e, posteriormente, em funções profissionais no Senai - Departamento Regional da Bahia, demonstra sua integração e contribuição ativa para projetos de pesquisa e inovação tecnológica.

Em síntese, Bianca Kurihara Yoshii se destaca como uma profissional multidisciplinar, com sólida formação técnica e experiência prática em projetos de ponta. Sua atuação em áreas como eletrônica embarcada, óptica e desenvolvimento de produtos a coloca em posição privilegiada para contribuir significativamente para avanços científicos e tecnológicos em sua área de atuação. Sua trajetória educacional e profissional refletem um compromisso contínuo com a excelência e a inovação, qualidades essenciais para o desenvolvimento sustentável da ciência e da tecnologia.",IV Seminário de avaliação de pesquisa cientifica e tecnológica (SAPCT); Seminario de avaliação de pesquisa cientifica e tecnologia (SAPCT); VII Seminário de Avaliação de Pesquisa Científica e Tecnológica (SAPCT) e VI Workshop de Integração e Capacitação em Processamento de Alto Desempenho (ICPAD); VI SEMINÁRIO DE AVALIAÇÃO DE PESQUISA CIENTÍFICA E TECNOLÓGICA (SAPCT) E V WORKSHOP DE INTEGRAÇÃO E CAPACITAÇÃO EM PROCESSAMENTO DE ALTO DESEMPENHO (ICPAD); V Seminário de Avaliação de Pesquisa Científica e Tecnológica (SAPCT) e IV Workshop de Integração e Capacitação em Processamento de Alto Desempenho (ICPAD); V Simpósio Internacional de Inovação e Tecnologia; X SAPCT e IX WORKSHOP ICPAD
Eduardo Manuel de Freitas Jorge,080a72c5-e955-4f26-af68-aa02ae772411,"Eduardo Manuel de Freitas Jorge é um pesquisador e professor titular na Universidade do Estado da Bahia (UNEB), com uma carreira marcada por uma atuação multifacetada na área de Ciências Exatas e da Terra. Possui um doutorado em Difusão do Conhecimento, além de um pós-doutorado em Ciência de Dados com Inteligência Artificial e um mestrado em Ciência da Computação. Seu ID Lattes é 6716225567627323.

Ao longo de sua trajetória educacional, Eduardo obteve diversas qualificações acadêmicas, incluindo uma graduação em Engenharia Mecânica pela Universidade Federal Da Bahia, um mestrado em Ciência da Computação pela Universidade Federal de Campina Grande, e especializações em Informática pela Unifacs - Universidade Salvador. Ele também possui um doutorado em Difusão do Conhecimento pela Universidade Federal Da Bahia.

Sua experiência profissional recente inclui passagens pela Fiocruz e pela Simbraredes, onde desempenhou funções diversas. Eduardo também atua como professor permanente no curso de doutorado em Difusão do Conhecimento e no mestrado em Estudos Territoriais da UNEB. Como coordenador da Agência UNEB de Inovação, foi instrumental na transferência de tecnologia e reestruturação de políticas institucionais.

Em termos de produção científica, Eduardo tem se destacado com relevantes contribuições recentes, como a plataforma ""Iapós"" para análise de informações sobre a produção científica de pesquisadores da Universidade Senai Cimatec, um mecanismo de busca semântica baseado em Word Embeddings, e a modelagem computacional de um protocolo de reabilitação de amputados de membro superior usuários de prótese 3D.

Além disso, Eduardo possui uma produção bibliográfica sólida, com 51 artigos, 21 capítulos de livros, 9 livros e 20 patentes registradas. Seu índice H de 5 reflete o impacto técnico e social de suas pesquisas. Ele também recebeu bolsas de produtividade em pesquisa do CNPq, focando na integração entre academia, indústria e inovação tecnológica.

Como pesquisador, ele desenvolve projetos em parceria com a Fiocruz na área de Educação 4.0, colabora com a Secretaria de Ciência e Tecnologia da Bahia no desenvolvimento do Sistema de Mapeamento de Competências Científicas da Bahia e coordena o projeto iaEditais da Fiocruz, voltado ao uso de Inteligência Artificial Generativa.

Em resumo, Eduardo Manuel de Freitas Jorge é um pesquisador com uma sólida formação acadêmica e experiência profissional diversificada. Sua atuação abrange desde a docência até a coordenação de importantes projetos de pesquisa e inovação, com contribuições significativas para o campo das Ciências Exatas e da Terra. Sua produção científica e participação em projetos financiados evidenciam seu comprometimento com a integração entre academia, indústria e inovação tecnológica, contribuindo para o avanço do conhecimento e o desenvolvimento da área.","2nd International Conference on Convergence in Information Science, Tecnology and Education (CONCITEC); 2º Seminário Internacional de Inovação em Educação Superior; 3º ONTOBRAS; 3º SEMINÁRIO DE PESQUISA EM ONTOLOGIA NO BRASIL Glossários, taxonomias e tesauros enriquecendo as Ontologias; Altec2005; Altec 2005 -Innovación tecnológica, cooperación y desarrollo 2005; EDUARDO MANUEL DE FREITAS JORGE; ENEIS - Encontro Nacional de Empreendedorismo e Inovação; Engineering Management Conference, 2006 IEEE International; ENINED; ERBASE; Erbase2007; Escola Regional de Computação Bahia, Alagoas e Sergipe; ICCSA'12 Proceedings of the 12th international conference on Computational Science and Its Applications - Volume Part IV; III Encontro Integrado de Ensino, Pesquisa e Extensão da UNEB; III Simpósio Brasileiro de Pesquisa Aplicada e Inovação; II Seminário de Pesquisa em Ontologia no Brasil; INTERNATIONAL CONFERENCE ON CONVERGENCE IN INFORMATION SCIENCE, TECHNOLOGY AND EDUCATION - CONCITEC; IV Workshop de Pesquisa Tecnologia e Inovação.; IV WTICG - Erbase2006; SBSI; Seminário de Avaliação de Pesquisa Científica e Tecnológica; Sucesso 2004; Sucesu2003; SUCESU´2005; v workshop de pesquisa tecnologia e inovação; WEBIST 2006; WebMedia - Simpósio Brasileiro de Sistemas Multimídia e WEB; WEIBASE; WIIW 2001: Rio de Janeiro, Brazil; WTICG-BASE -  Workshop de Trabalhos de Iniciação Científica e de Graduação; X Enapid-2017; XIII ProspeCT&I; XIV Simpósio Brasileiro de Sistemas de Informação; XLII ENCONTRO NACIONAL DE ENGENHARIA DE PRODUÇÃO; XVIII Encontro Nacional de Modelagem Computacional; XXVI Encontro Nacional de Modelagem Computacional e XIV Encontro de Ciência e Tecnologia dos Materiais; XXVI JORNADA DE INICIAÇÃO CIENTÍFICA DA UNEB; XXV Jornada de Iniciação Científica da UNEB - 2021"
Katharine Valeria Saraiva Hodel,08a84b2c-7976-486c-adbe-6d866afa9f0e,"Katharine Valeria Saraiva Hodel é uma pesquisadora com formação em Biotecnologia pela Universidade Federal da Bahia (UFBA), com aprimoramento em Industrielle Biotechnologie pela Technische Universität München e especialização em Gestão da Qualidade pelo Centro Universitário Jorge Amado (UNIJORGE). Atualmente, possui mestrado em Farmácia pela UFBA e está em andamento com seu doutorado no mesmo programa. Como colaboradora no Instituto SENAI de Inovação em Sistemas Avançados de Saúde (ISI SAS), foca seus esforços na produção e caracterização de biopolímeros com aplicação no setor biomédico e formulações farmacêuticas.

Ao longo de sua carreira acadêmica e profissional, Katharine tem consolidado sua expertise nas áreas de cultivo celular, metodologias antioxidantes, prospecção tecnológica, microbiologia e bioprocessos. Sua formação diversificada e experiência multifacetada a capacitaram para explorar de forma abrangente as interfaces entre a biotecnologia, a farmácia e a gestão da qualidade em pesquisas biomédicas. Seus estudos recentes têm contribuído significativamente para o avanço científico, com artigos publicados em revistas renomadas como ""Bacterial Cellulose Hydrogel Produced By Gluconacetobacter Hansenii Using Sugarcane Molasses As Medium: Physicochemical Characterization For Wound Healing Applications"", ""Dos Princípios À Prática: Gestão Da Qualidade Em Pesquisas Biomédica"" e ""Oportunidades E Desafios Para Acesso A Medicamentos No Brasil: Um Olhar Sobre Os Laboratórios Farmacêuticos Oficiais (LFOS)"".

Além de sua atuação no ISI SAS, Katharine também desempenhou funções na instituição SENAI - Departamento Regional da Bahia, contribuindo de forma significativa para projetos e iniciativas voltados para a inovação e o desenvolvimento avançado de saúde. Sua participação em programas de pós-graduação, com destaque para o mestrado em Farmácia pela UFBA e o atual doutorado em andamento, evidenciam seu compromisso com a formação continuada e a excelência acadêmica. Sua trajetória educacional, marcada por uma sequência de especializações e graduações sólidas, demonstra sua busca constante pelo aprimoramento e pela atualização de conhecimentos em áreas de vanguarda.

Katharine Valeria Saraiva Hodel é uma pesquisadora proativa e engajada, cujo trabalho reflete o compromisso com a inovação, a qualidade e a relevância social de suas pesquisas. Sua participação em projetos financiados, bolsas de pesquisa e outras formas de apoio institucional ressaltam sua inserção e atividade na comunidade acadêmica e científica. Sua produção científica, aliada a sua atuação profissional em ambientes de pesquisa e inovação, a coloca como uma figura de destaque e referência em sua área de atuação. A continuidade de seus estudos de doutorado e seu envolvimento ativo em iniciativas colaborativas posicionam Katharine como uma pesquisadora promissora e comprometida com o avanço do conhecimento e da prática nas Ciências Biológicas e em outras áreas afins.",12 SLACA - Simpósio Latino Americano de Ciência de Alimentos; Anuário de Resumos do III Seminário de Avaliação de Pesquisa Científica e Tecnológica SENAI; III Seminário de Avaliação de Pesquisa Científica e Tecnológica; International Symposium on Immunobiologicals; XIV Mostra Científica e Cultural e XII Jornada de Iniciação Científica/PIBIC; XXVI Congresso Brasileiro de Ciência e Tecnologia de Alimentos
Nelson Mendes Nunes,091e6b96-729b-4366-ba22-0315a9c124ec,"Nelson Mendes Nunes é tecnologista em saúde pública na Fundação Oswaldo Cruz, com graduações em Farmácia pela Universidade Federal do Rio de Janeiro, em 2001, e em Farmácia Industrial pela mesma instituição, em 2005. Obteve seu mestrado em Ciências com ênfase em Vigilância Sanitária pelo Instituto Nacional de Controle de Qualidade em Saúde (INCQS/FIOCRUZ), em 2010. Sua área de pesquisa predominantemente concentra-se em Ciências da Saúde, destacando-se em Farmacotecnia, Controle de Qualidade, Gestão de Sistemas de Qualidade e Vigilância Sanitária, com ênfase em gestão da qualidade, garantia da qualidade, Boas Práticas de Fabricação (BPF) e Boas Práticas de Laboratório (BPL).

Sua trajetória educacional inclui uma sólida formação acadêmica em diferentes níveis de ensino. Além de seus graus de graduação e mestrado, concluiu o Doutorado no Programa de Pós-Graduação em Gestão e Tecnologia Industrial pela Universidade Senai Cimatec, em 2021. Ao longo de sua carreira, Nelson Mendes Nunes adquiriu experiência profissional diversificada, atuando em diversas funções na Universidade Senai Cimatec a partir do ano de 2021.

Suas contribuições científicas mais recentes incluem a publicação de artigos relevantes como ""Dos Princípios à Prática: Gestão da Qualidade em Pesquisas Biomédicas"" em 2025, ""Oportunidades e Desafios para Acesso a Medicamentos no Brasil: Um Olhar sobre os Laboratórios Farmacêuticos Oficiais (LFOs)"" em 2025, e a participação no trabalho ""Collaborative Learning Practices and Organizational Performance"" em evento de 2024. 

Além disso, sua participação ativa em programas de pós-graduação evidencia seu engajamento com o meio acadêmico-científico, contribuindo para a formação de novos profissionais e para o avanço do conhecimento em sua área de atuação.

Nelson Mendes Nunes também demonstra um perfil colaborativo e de liderança ao assumir funções de destaque em grupos de pesquisa e instituições de ensino, consolidando sua expertise e ampliando seu impacto na comunidade acadêmica. Seu envolvimento em projetos financiados e bolsas de pesquisa é um reflexo do reconhecimento de sua competência e relevância, demonstrando seu constante empenho em buscar novas oportunidades e desenvolver pesquisas de alta qualidade.

No contexto da produção científica e da atuação profissional, Nelson Mendes Nunes emerge como um pesquisador comprometido com a excelência e a inovação em seu campo de estudo. Sua trajetória educacional sólida, aliada à experiência profissional multifacetada e às recentes contribuições científicas, o colocam como uma figura de destaque e referência na área das Ciências da Saúde, proporcionando um impacto significativo tanto no meio acadêmico quanto na sociedade em geral.",X SIINTEC (International Symposium on Innovative Technologies)
Felipe Moraes Santos,0ace5199-030e-4113-a348-e145b03517f7,"Felipe Moraes Santos é um renomado oceanógrafo com formação pela Universidade Federal da Bahia, onde concluiu sua graduação em Oceanografia em 2009 e posteriormente obteve o título de Mestre em Oceanografia Física em 2014. Atualmente, atua como Pesquisador I no Centro Universitário Senai Cimatec, dedicando-se a projetos de Pesquisa, Desenvolvimento e Inovação (PDI) relacionados ao Meio Ambiente.

Com uma sólida formação acadêmica, Felipe também é especialista em Ciências de Dados Geográficos, tendo realizado especialização na área pelo Centro Universitário Anhanguera de São Paulo, o que complementa sua expertise em sensoriamento remoto aplicado à oceanografia e geologia costeira. Seu vasto conhecimento em Geoprocessamento e Banco de Dados Geográficos o habilita a elaborar e aprimorar bancos de dados em ambiente SIG (ArcGIS), realizar espacialização e correlação de dados secundários para delimitação de áreas de bacias de drenagem e APP, além de georreferenciamento e análise de imagens aéreas e de satélite para estudos de uso e ocupação do solo, variação de linha de costa, interpolações e confecção de mapas e cartas.

Ao longo de sua carreira, Felipe contribuiu significativamente para o avanço científico em sua área de atuação, como evidenciado por suas produções bibliográficas mais recentes. Em 2021, publicou o artigo ""The 2019 Brazilian Oil Spill: Insights On The Physics Behind The Drift"", proporcionando insights sobre a física por trás do deslocamento do derramamento de óleo no Brasil. Além disso, em 2018, contribuiu com o capítulo de livro ""Brazilian Estuaries: A Geomorphologic And Oceanographic Perspective"" e, em 2015, participou do trabalho em evento ""Localized Coastal Upwelling At The Brazil Current Formation Zone (13°s)"".

Sua trajetória educacional demonstra um constante aprimoramento profissional, incluindo a conclusão do mestrado em Geofísica pela Universidade Federal da Bahia e as especializações em Ciências de Dados Geográficos. Felipe tem se destacado não apenas pela sua formação acadêmica, mas também pelas experiências profissionais recentes no Centro Universitário Senai Cimatec, onde desempenha funções de destaque em projetos de pesquisa.

Adicionalmente, é importante ressaltar que Felipe Moraes Santos tem sido um participante ativo em programas de pós-graduação e provavelmente assume funções importantes em grupos de pesquisa, embora os detalhes específicos não tenham sido fornecidos. Sua contribuição para a ciência é reconhecida e apoiada por projetos financiados e bolsas de pesquisa, refletindo seu comprometimento e relevância na comunidade acadêmica.

Em suma, Felipe Moraes Santos é um profissional dedicado, com expertise em oceanografia, geologia costeira e ciências de dados geográficos. Sua carreira e produção científica demonstram um compromisso com a inovação e o avanço do conhecimento em sua área, sendo um ativo valioso para a pesquisa ambiental e geoespacial.",Congresso Brasileiro de Oceanografia; XI Congresso da Associação Brasileira de Estudos do Quaternário; XVII Simpósio Brasileiro de Sensoriamento Remoto
José Orbilio de Souza Abreu,0c35b2bd-27f1-4c7f-a85b-133b18faed3b,"José Orbilio de Souza Abreu é um pesquisador afiliado ao Campus Integrado de Manufatura e Tecnologias, especializado nas áreas de Ciências da Saúde e Ciências Sociais Aplicadas. Possui uma sólida formação acadêmica, iniciando sua jornada com uma graduação em Administração de Empresas pela Universidade Gama Filho em 1978, seguida por especializações em Engenharia Econômica pela mesma instituição em 1982 e um MBA Executivo pela Universidade Federal do Rio de Janeiro em 2003. Além disso, obteve um Mestrado em Saúde Pública pela renomada Fundação Oswaldo Cruz (Fiocruz).

Sua trajetória profissional é marcada por uma extensa experiência em gestão, tanto em organizações privadas quanto na esfera da Saúde Pública, com foco em Ciência, Tecnologia e Inovação. José Orbilio de Souza Abreu ocupou o cargo de Vice Diretor de Gestão e Desenvolvimento Institucional na Fundação Oswaldo Cruz/Fiocruz de 2010 a 2021, demonstrando sua capacidade de liderança e visão estratégica. Atualmente, exerce a função de Coordenador de Planejamento na Fiocruz e é professor de disciplinas como Gestão pela Qualidade, Gestão de Materiais e Equipamentos, e Auditoria de Processos de Gestão.

No campo da pesquisa, José Orbilio de Souza Abreu já contribuiu com importantes trabalhos científicos, destacando-se suas produções mais recentes, como o artigo ""Gestão Dos Riscos De Desabastecimento De Medicamentos, Antes E Depois Da Covid-19: Um Estudo Bibliométrico"" publicado em 2025, onde aborda questões essenciais sobre o abastecimento de medicamentos em tempos de crise. Outro artigo relevante é ""Impacto Da Cultura Organizacional Na Implementação De Tecnologias Disruptivas Da Indústria 4.0: Uma Revisão De Literatura"", também de 2025, que discute o papel da cultura organizacional na adoção de tecnologias da Indústria 4.0.

Em relação à sua formação acadêmica, José Orbilio de Souza Abreu obteve um Professional Master's Degree em Saúde Pública pela Fiocruz em dois períodos distintos, entre 2017 e 2019. Sua dedicação à pesquisa é evidente, refletindo-se em sua participação em eventos acadêmicos, como o trabalho ""Collaborative Learning Practices And Organizational Performance"" apresentado em 2024.

Por fim, é importante ressaltar que José Orbilio de Souza Abreu demonstra um forte envolvimento com a comunidade científica, atuando como Doutorando no Senai Cimatec e ocupando cargos de liderança em importantes instituições de pesquisa. Sua ampla gama de conhecimentos e experiências o credenciam como um profissional de destaque no campo da gestão em Saúde Pública, contribuindo significativamente para o avanço do conhecimento científico e tecnológico em sua área de atuação.",Rio de Janeiro; X SIINTEC (INTERNATIONALSYMPOSIUM ON INNOVATIVE TECHNOLOGIES)
William Emanuel Silva Santos Viana,0c5dd794-ae32-4075-b1c9-9d0a08fcda53,"William Emanuel Silva Santos Viana é um pesquisador com uma vasta gama de atuações e conhecimentos na área de Ciências Exatas e da Terra, com foco principalmente em Engenharias. Possui uma sólida formação acadêmica, tendo obtido sua graduação em Física pela Universidade Estadual de Santa Cruz em 2011, seguida de um mestrado em Ciência, Inovação e Modelagem em Materiais, realizado no Laboratório de Filmes Finos, também pela mesma instituição, em 2014. Sua formação foi complementada com um doutorado em Engenharia da Nanotecnologia pela Universidade Federal do Rio de Janeiro, concluído em 2018.

Durante seu período de doutorado, William realizou atividades de colaboração com diversos grupos de pesquisa, incluindo PUC-RIO, INPE, CBPF, e UFRJ, concentrando-se no estudo e desenvolvimento de materiais nanoestruturados, como filmes de carbono amorfo com nanopartículas funcionalizadas. Seu trabalho se destacou pela aplicação de técnicas de caracterização mecânica, morfológica, tribológica, microestrutural, química, óptica e elétrica em materiais, filmes carbonosos e nanopartículas. Sua expertise inclui inovação tecnológica, síntese e caracterização de nanomateriais, desenvolvimento de sensores utilizando fotônica integrada, tecnologias quânticas, física de plasma, superfícies e filmes finos, física da matéria condensada experimental, divulgação científica interativa, com ênfase em exposições científicas itinerantes, e ensino de física.

Atualmente, William Emanuel Silva Santos Viana é professor Adjunto do Colegiado de Química da Universidade Federal do Vale do São Francisco. Sua produção bibliográfica mais recente inclui um trabalho em evento de 2023 sobre sondas ópticas de fibra para detecção de vazamentos com manipuladores robóticos, e artigos acadêmicos publicados em 2020 e 2018, abordando propriedades de filmes de carbono depositados a partir de precursores de metano e heptano, e de filmes finos de óxido de zinco depositados por sputtering de RF-magnetron na presença de oxigênio, respectivamente.

Além disso, sua trajetória educacional inclui uma sólida formação acadêmica, com a conclusão do doutorado na renomada Universidade Federal do Rio de Janeiro, mestrado na Universidade Estadual de Santa Cruz, e graduação em Física pela mesma universidade. Suas experiências profissionais recentes concentram-se no ambiente acadêmico da Universidade Federal do Vale do São Francisco, indicando uma dedicação contínua ao ensino e à pesquisa.

William Emanuel Silva Santos Viana também demonstra um perfil de constante busca por conhecimento e inovação, refletido em seu ingresso em programas de pós-graduação de destaque, bem como em sua presença em eventos científicos e colaborações em grupos de pesquisa. Sua liderança e contribuições para a ciência são evidenciadas através de projetos de pesquisa financiados e bolsas de estudo obtidas ao longo de sua carreira, mostrando seu comprometimento e relevância no campo da nanotecnologia e áreas correlatas.

Diante desse cenário, William Emanuel Silva Santos Viana se destaca como um pesquisador multidisciplinar e engajado, cuja expertise e contribuições científicas são reconhecidas e valorizadas no âmbito acadêmico e científico, promovendo avanços significativos nas áreas de nanomateriais, física e engenharia. Sua atuação como docente e pesquisador na Universidade Federal do Vale do São Francisco contribui para o fortalecimento e desenvolvimento do ensino e pesquisa em ciências exatas e engenharias, consolidando sua posição como um profissional de destaque em sua área de atuação.","2023 Latin American Robotics Symposium (LARS), 2023 Brazilian Symposium on Robotics (SBR), and 2023 Workshop on Robotics in Education (WRE); XVIII Simpósio Nacional de Ensino de Física"
Cleber de Souza Couto Filho,0d27e597-aaa0-42a8-b262-39ab199493c5,"Cleber de Souza Couto Filho é um pesquisador graduado em Engenharia Elétrica pela Senai - Departamento Regional Da Bahia, com atuação no Campus Integrado de Manufatura e Tecnologias. Sua trajetória profissional inclui experiências no Senai - Departamento Regional Da Bahia, onde desempenhou funções diversas a partir de 2017.

A formação acadêmica de Cleber de Souza Couto Filho é marcada por sua graduação em Engenharia Elétrica, concluída na Senai - Departamento Regional Da Bahia. Essa base educacional sólida contribui para sua atuação como pesquisador, permitindo-lhe explorar diferentes aspectos e aplicações dentro de sua área de especialização, embora não especificada no registro do Lattes.

No contexto profissional, Cleber de Souza Couto Filho esteve envolvido em projetos desenvolvidos no Senai - Departamento Regional Da Bahia a partir de 2017, exercendo funções que certamente agregaram experiência e conhecimento prático à sua formação anterior. Estas experiências profissionais podem ter ampliado sua visão sobre as demandas e desafios do mercado de trabalho, bem como fornecido subsídios para possíveis linhas de pesquisa que Cleber de Souza Couto Filho possa vir a explorar.

É relevante destacar a participação de Cleber de Souza Couto Filho em programas de pós-graduação e eventuais atividades de liderança em grupos de pesquisa, caso existam. Estas iniciativas demonstram seu interesse em aprimorar seus conhecimentos e contribuir de forma mais direta para a produção científica em sua área de atuação, ao mesmo tempo em que podem estabelecer conexões valiosas com outros pesquisadores e instituições.

Em relação às contribuições científicas recentes de Cleber de Souza Couto Filho, não há informações disponíveis no registro do Lattes fornecido. No entanto, é possível que ele esteja envolvido em projetos de pesquisa, publicações acadêmicas ou outros tipos de produção científica que não tenham sido atualizados ou registrados nesta plataforma.

Por fim, é importante considerar a possível participação de Cleber de Souza Couto Filho em projetos financiados, bolsas de pesquisa ou outras formas de apoio institucional, caso existam. Estes recursos podem ter sido fundamentais para o desenvolvimento de suas atividades de pesquisa e para a consolidação de sua carreira acadêmica e científica.

Em suma, Cleber de Souza Couto Filho é um pesquisador graduado em Engenharia Elétrica, com experiência profissional no Senai - Departamento Regional Da Bahia e atuação no Campus Integrado de Manufatura e Tecnologias. Sua trajetória acadêmica e profissional sugere um perfil dedicado e comprometido com sua área de atuação, com potencial para futuros avanços e contribuições significativas para o campo científico.",Sem registro
